county,hospital_name,transit_options
Kings,Adventist Health Hanford,[]
Kings,NYC Health + Hospitals/Kings County,[]
Kings,Adventist Health Medical Office,[]
Kings,Adventist Health Selma,[]
Kings,United Health Centers - Lemoore,[]
Kings,Adventist Health Reedley,[]
Kings,Kings Industrial Medical Center,[]
Kings,Venice house hospital,[]
Kings,Valley Family Health Center,[]
Kings,Mee Memorial Healthcare System,[]
Kings,United Health Centers - Kingsburg,[]
Kings,Family HealthCare Network,[]
Kings,Adventist Health Medical Office,[]
Kings,Kerr Outpatient Center - Adventist Health,[]
Kings,Adventist Health Community Care,[]
San Benito,Hazel Hawkins Memorial Hospital,[]
San Benito,San Benito Health Foundation,[]
San Benito,St. Louise Regional Hospital,[]
San Benito,Salinas Valley Health Medical Center,[]
San Benito,Sunnyslope Medical Center,[]
Fresno,Saint Agnes Medical Center,[]
Fresno,Fresno Community Hospital,[]
Fresno,Community Regional Medical Center,[]
Fresno,Fresno Heart & Surgical Hospital,[]
Fresno,Community Medical Plaza,[]
Fresno,VA Central California Health Care System,[]
Fresno,Kaiser Permanente Fresno Medical Center,[]
Fresno,Fresno Surgical Hospital,[]
Fresno,Pacific Coast Medical Center,[]
Fresno,Clovis Community Medical Center,[]
Fresno,Fresno Surgical hospital,[]
Fresno,North Medical Plaza,[]
Fresno,Wilson Medical Center,[]
Fresno,Community Behavioral Health Center,[]
Fresno,San Joaquin Valley Rehabilitation Hospital,[]
Fresno,Adventist Health Reedley,[]
Fresno,Correctional Healthcare Co,[]
Fresno,Fresno EOC Health Services And Education,[]
Fresno,Community Regional Medical Center Emergency Department,[]
Plumas,Plumas District Hospital,[]
Inyo,Northern Inyo Hospital,[]
Inyo,Northern Inyo Hospital - Emergency Department,[]
Inyo,Southern Inyo Healthcare District,[]
Contra Costa,Contra Costa Regional Medical Center,[]
Contra Costa,Martinez Health Center,[]
Contra Costa,"John Muir Health, Concord Medical Center",[]
Contra Costa,"John Muir Health, Walnut Creek Medical Center",[]
Contra Costa,San Ramon Regional Medical Center,[]
Contra Costa,Pittsburg Health Center,[]
Contra Costa,Kaiser Permanente Walnut Creek Medical Center,[]
Contra Costa,Kaiser Permanente Richmond Medical Center,[]
Contra Costa,Sutter Delta Medical Center,[]
Contra Costa,Brentwood Health Center,[]
Contra Costa,West County Health Center,[]
Contra Costa,Kaiser Permanente Antioch Medical Center,[]
Contra Costa,Sutter Solano Medical Center,[]
Contra Costa,Contra Costa County - Martinez Health Center: Emergency Room,[]
Contra Costa,Antioch Health Center,[]
Contra Costa,Bay Valley Medical Group in Danville,[]
Contra Costa,Kentfield Hospital,[]
Contra Costa,Contra Costa Health Services,[]
Contra Costa,Concord Health Center,[]
Contra Costa,Stanford Health Care - Tri-Valley Medical Center,[]
Alpine,Alpine County Health Department,[]
Alpine,Barton Memorial Hospital,[]
Alpine,Carson Valley Health Hospital,[]
Alpine,Barton Health Alpine Bldg,[]
Alpine,Tahoe Forest Hospital,[]
Alpine,Alpine County Health Clinic,[]
Alpine,Barton Memorial Hospital Emergency Department,[]
Alpine,San Joaquin General Hospital,[]
Alpine,Barton Health,[]
Alpine,Carson Valley Health: Emergency Department,[]
Alpine,Barton Memorial Hospital Heliport,[]
Alpine,Barton Memorial Hospital Family Birthing Center,[]
Alpine,Alpine County Social Services Department,[]
Alpine,Barton Urgent Care,[]
Alpine,Big Bend Regional Medical Center,[]
Alpine,Comprehensive Medicine,[]
Alpine,Arrowhead Regional Medical Center,[]
Alpine,Barton Community Health Center,[]
Alpine,Barton Quick Care,[]
Alpine,Rural Clinics Douglas,[]
Humboldt,Providence St. Joseph Hospital Eureka,[]
Humboldt,Humboldt County Memorial Hospital,[]
Humboldt,General Hospital Campus-St. Joseph Hospital,[]
Humboldt,Providence Redwood Memorial Hospital,[]
Humboldt,Mad River Community Hospital,[]
Humboldt,Jerold Phelps Community Hospital - Southern Humboldt Community Healthcare District,[]
Humboldt,Eureka Community Health & Wellness Center,[]
Humboldt,Humboldt General Hospital,[]
Humboldt,McKinleyville Community Health Center,[]
Humboldt,Providence Redwood Memorial Hospital Emergency Department,[]
Humboldt,Redwood Urgent Care,[]
Humboldt,Humboldt Open Door Clinic,[]
Humboldt,HSU Campus Health Center,[]
Humboldt,Providence St. Joseph Hospital Eureka Emergency Room,[]
Humboldt,Mad River Community Hospital: Emergency Room,[]
Humboldt,Mad River Community Hospital - Occupational Health Services,[]
Humboldt,Sempervirens 24-Hour Psychiatric Facility,[]
Humboldt,Jerold Phelps Community Hospital: Emergency Room,[]
Humboldt,Planned Parenthood - Eureka Health Center,[]
Humboldt,Redwood Community Health Center,[]
Sutter,Sutter Surgical Hospital North Valley,[]
Sutter,Adventist Health and Rideout,[]
Sutter,Sutter Roseville Medical Center,[]
Sutter,Sutter Feather Down Family Practice (Yuba City): Sutter Medical Foundation,[]
Sutter,Sutter Amador Hospital,[]
Sutter,Sutter Medical Center | Ose Adams Medical Pavilion,[]
Sutter,Sutter Auburn Faith Hospital,[]
Sutter,Woodland Memorial Hospital,[]
Sutter,Sutter Santa Rosa Regional Hospital,[]
Sutter,Adventist Health and Rideout: Emergency Room,[]
Sutter,Sutter Medical Center | Anderson Lucchetti Women's & Children's Center,[]
Sutter,Sutter Lakeside Hospital,[]
Sutter,Orchard Hospital,[]
Sutter,Mercy General Hospital,[]
Sutter,Sutter North Medical Group,[]
Sutter,Sutter Davis Hospital,[]
Sutter,Sierra Nevada Memorial Hospital,[]
Sutter,Mercy San Juan Medical Center,[]
Sutter,Methodist Hospital of Sacramento,[]
Sutter,Sutter Yuba Mental Health,[]
Stanislaus,Memorial Medical Center,[]
Stanislaus,Central Valley Specialty Hospital,[]
Stanislaus,Doctors Medical Center,[]
Stanislaus,Emanuel Medical Center,[]
Stanislaus,Kaiser Permanente Modesto Medical Center and Medical Offices,[]
Stanislaus,Emergency Room | Kaiser Permanente Modesto Medical Center and Medical Offices,[]
Stanislaus,Encompass Health Rehabilitation Hospital of Modesto,[]
Stanislaus,Hospital,[]
Stanislaus,Oak Valley Hospital,[]
Stanislaus,Golden Valley Health Centers,[]
Stanislaus,Emanuel Medical Center : Emergency Room,[]
Stanislaus,Valley Childrens Hospital Pelandale Specialty Care Center,[]
Stanislaus,Memorial Medical Center Emergency Department,[]
Stanislaus,Memorial Medical Center Family Birth Center,[]
Stanislaus,Doctors Hospital of Modesto,[]
Stanislaus,Sutter Health Memorial Medical Center Helipad,[]
Stanislaus,Hospital,[]
Stanislaus,Sutter Urgent Care - Modesto,[]
Stanislaus,Main Clinic 600 Coffee Road,[]
Stanislaus,Memorial Hospital Foundation,[]
San Diego,Scripps Mercy Hospital San Diego,[]
San Diego,Sharp Memorial Hospital,[]
San Diego,Hillcrest Medical Center at UC San Diego Health,[]
San Diego,Kindred Hospital San Diego,[]
San Diego,Scripps Mercy Hospital Chula Vista,[]
San Diego,Sharp Chula Vista Medical Center,[]
San Diego,Scripps Memorial Hospital La Jolla,[]
San Diego,Paradise Valley Hospital,[]
San Diego,Sharp Grossmont Hospital,[]
San Diego,Rady Children’s Hospital - San Diego,[]
San Diego,Kaiser Permanente San Diego Medical Center,[]
San Diego,Sharp Mary Birch Hospital for Women & Newborns,[]
San Diego,Vibra Hospital of San Diego,[]
San Diego,Scripps Memorial Hospital Encinitas,[]
San Diego,Sharp Mesa Vista Hospital,[]
San Diego,Select Specialty Hospital - San Diego,[]
San Diego,Sharp Coronado Hospital,[]
San Diego,Temecula Valley Hospital,[]
San Diego,Naval Medical Center,[]
San Diego,Scripps Green Hospital,[]
Orange,UCI Medical Center,[]
Orange,Providence St. Joseph Hospital Orange,[]
Orange,Orange County Global Medical Center,[]
Orange,West Anaheim Medical Center,[]
Orange,Providence Mission Hospital Mission Viejo,[]
Orange,MemorialCare Orange Coast Medical Center,[]
Orange,Foothill Regional Medical Center,[]
Orange,CHOC Main Campus - Orange,[]
Orange,UCI Health — Fountain Valley,[]
Orange,Garden Grove Hospital and Medical Center,[]
Orange,UCI Health — Los Alamitos,[]
Orange,Kindred Hospital Santa Ana,[]
Orange,Hoag Hospital - Irvine,[]
Orange,Hoag Hospital - Newport Beach,[]
Orange,Providence Mission Hospital Laguna Beach,[]
Orange,Huntington Beach Hospital - HB Hospital,[]
Orange,University Hospital Tower,[]
Orange,Kindred Hospital Brea,[]
Orange,Chapman Global Medical Center,[]
Orange,Providence St. Jude Medical Center,[]
Mendocino,Adventist Health Mendocino Coast,[]
Mendocino,Adventist Health Ukiah Valley,[]
Mendocino,Adventist Health Howard Memorial,[]
Mendocino,Adventist Health Mendocino Coast: Emergency Room,[]
Mendocino,MCHC Health Centers-Dora Street,[]
Mendocino,Adventist Health hospital,[]
Mendocino,Medical Offices: Adventist Health Ukiah Valley,[]
Mendocino,Mendocino Coast District Hospital: Surgery,[]
Mendocino,MCHC Health Centers-Hillside,[]
Mendocino,"Mendocino Coast Clinics, Inc.",[]
Mendocino,Adventist Health Clear Lake,[]
Mendocino,Mendocino Family Health Center,[]
Mendocino,Sutter Lakeside Hospital,[]
Mendocino,Multispecialty: Adventist Health Mendocino Coast,[]
Mendocino,Medical Office: Adventist Health Mendocino Coast,[]
Mendocino,Adventist Health Ukiah Valley JobCare,[]
Riverside,Riverside Community Hospital,[]
Riverside,Riverside University Health System Medical Center,[]
Riverside,Parkview Community Hospital Medical Center,[]
Riverside,Kindred Hospital Riverside,[]
Riverside,Temecula Valley Hospital,[]
Riverside,Southwest Healthcare Inland Valley Hospital,[]
Riverside,Menifee Global Medical Center,[]
Riverside,Kaiser Permanente Riverside Medical Center,[]
Riverside,Southwest Healthcare Rancho Springs Hospital,[]
Riverside,Corona Regional Medical Center,[]
Riverside,San Gorgonio Memorial Hospital,[]
Riverside,Redlands Community Hospital,[]
Riverside,Dignity Health - St. Bernardine Medical Center,[]
Riverside,Riverside Community Hospital Emergency Room,[]
Riverside,Riverside Community Hospital - Tower G,[]
Riverside,Dignity Health - Community Hospital of San Bernardino,[]
Riverside,Arrowhead Regional Medical Center,[]
Riverside,Loma Linda University Medical Center,[]
Riverside,Riverside County Regional Medical Center ETF/ITS,[]
Riverside,Desert Regional Medical Center,[]
San Mateo,Dignity Health Sequoia Hospital,[]
San Mateo,San Mateo Medical Center,[]
San Mateo,Mills-Peninsula Medical Center,[]
San Mateo,Mills Health Center,[]
San Mateo,San Mateo Medical Center Emergency Room,[]
San Mateo,AHMC Seton Medical Center,[]
San Mateo,Kaiser Permanente San Mateo Medical Offices,[]
San Mateo,Fair Oaks Health Center,[]
San Mateo,Eden Medical Center,[]
San Mateo,Sutter Urgent Care - San Mateo,[]
San Mateo,San Mateo County Pre Hospital,[]
San Mateo,UCSF Health Saint Francis Hospital,[]
San Mateo,St. Louise Regional Hospital,[]
San Mateo,San Mateo County Health Foundation,[]
San Mateo,San Mateo Care Center,[]
San Mateo,Kindred Hospital San Francisco Bay Area,[]
San Mateo,Sutter Health,[]
San Mateo,Palo Alto VA Medical Center,[]
San Mateo,Extended Care (MPEC): Mills Health Center: Sutter Health Affiliate,[]
San Mateo,Alta Bates Summit Medical Center | Summit Campus,[]
Shasta,Shasta Regional Medical Center,[]
Shasta,Mercy Medical Center Redding,[]
Shasta,Shasta Regional Medical Center: Emergency Room,[]
Shasta,Mercy Medical Center Mt. Shasta,[]
Shasta,Shasta Community Health Center: Main Campus,[]
Shasta,Vibra Hospital of Northern California,[]
Shasta,Shasta Regional Medical Group,[]
Shasta,Patients Hospital,[]
Shasta,Shasta Community Health Center: Shasta Lake,[]
Shasta,Shasta Community Health Center: Enterprise,[]
Shasta,Dignity Health Medical Center Building,[]
Alameda,Alameda Hospital,[]
Alameda,Highland Hospital,[]
Alameda,Alameda County Medical Center,[]
Alameda,San Leandro Hospital,[]
Alameda,Washington Hospital Healthcare System,[]
Alameda,Fairmont Hospital,[]
Alameda,Alameda Health System : Emergency Room,[]
Alameda,Dignity Health Sequoia Hospital,[]
Alameda,Kindred Hospital San Francisco Bay Area,[]
Alameda,Eden Medical Center,[]
Alameda,Alta Bates Summit Medical Center | Summit Campus,[]
Alameda,St. Rose Hospital,[]
Alameda,Alameda Emergency Care Center,[]
Alameda,San Leandro Hospital: Emergency Room,[]
Alameda,"Alameda County Public Health Nurses Division/Kimberly Wesley RN,PHN",[]
Alameda,Fremont Hospital,[]
Alameda,Kaiser Permanente San Leandro Medical Center,[]
Alameda,Highland Hospital Emergency Department,[]
Alameda,John George Psychiatric Hospital,[]
Alameda,Alta Bates Summit Medical Center | Herrick Campus,[]
Glenn,Glenn Medical Center,[]
Lassen,Banner Lassen Medical Center,[]
San Joaquin,San Joaquin General Hospital,[]
San Joaquin,Dignity Health - St. Joseph's Medical Center,[]
San Joaquin,SJ Health,[]
San Joaquin,Adventist Health Lodi Memorial,[]
San Joaquin,Adventist Health Dameron,[]
San Joaquin,Stockton Medical Plaza I,[]
San Joaquin,Sutter Health,[]
San Joaquin,Kaiser Permanente Manteca Medical Center,[]
San Joaquin,San Joaquin General Hospital Helipad,[]
San Joaquin,San Joaquin General Hospital,[]
San Joaquin,Doctors Hospital of Manteca,[]
San Joaquin,Sutter Tracy Community Hospital,[]
San Joaquin,Joaquim Hospital Stockton,[]
San Joaquin,General Hospital,[]
San Joaquin,Central Valley Specialty Hospital,[]
San Joaquin,SJ Health,[]
San Joaquin,San Joaquin General Hospital Emergency Room,[]
San Joaquin,Memorial Medical Center,[]
San Joaquin,San Joaquin General Hospital-Benton Hall,[]
San Joaquin,Adventist Health Sonora,[]
Imperial,El Centro Regional Medical Center,[]
Imperial,Pioneers Memorial Hospital,[]
Imperial,El Centro Regional Medical Center,[]
Imperial,Old Imperial County Hospital,[]
Imperial,El Centro Regional Medical Center,[]
Lake,Mercyhealth Hospital and Medical Center–Walworth,[]
Lake,Northwestern Medicine Lake Forest Hospital,[]
Lake,Aurora Lakeland Medical Center,[]
Lake,Northwestern Medicine Lake Forest Hospital Emergency Department,[]
Lake,Vista Medical Center - East,[]
Lake,Advocate Condell Medical Center,[]
Lake,Northwestern Medicine Huntley Hospital,[]
Lake,Lake Behavioral Hospital,[]
Lake,Aurora Medical Center Kenosha,[]
Lake,Northwestern Medicine McHenry Hospital,[]
Lake,Endeavor Health Northwest Community Hospital,[]
Lake,Advocate Condell Emergency Services,[]
Lake,Northwestern Medicine Central DuPage Hospital,[]
Lake,Kindred Hospital Chicago Northlake,[]
Lake,Advocate Illinois Masonic Medical Center,[]
Lake,UChicago Medicine AdventHealth GlenOaks,[]
Lake,United Hospital System,[]
Lake,Advocate Good Shepherd Hospital,[]
Lake,Lake County Health Department - Belvidere Medical Building,[]
Lake,Froedtert Pleasant Prairie Hospital,[]
Modoc,Modoc Medical Center,[]
Tulare,Adventist Health Tulare,[]
Tulare,Kaweah Health Medical Center,[]
Tulare,Kaweah Health: Emergency Room,[]
Tulare,Tulare District Hospital,[]
Tulare,Adventist Health Tulare: Emergency Room,[]
Tulare,Sierra View Medical Center,[]
Tulare,Adventist Health Reedley,[]
Tulare,Adventist Health Hanford,[]
Tulare,Adventist Health Medical Office - Tulare,[]
Tulare,Family HealthCare Network,[]
Tulare,Tulare medical center,[]
Tulare,Adventist Health Delano,[]
Tulare,Adventist Health Selma,[]
Tulare,United Health Centers - Visalia,[]
Tulare,Tulare Hospital Foundation,[]
Tulare,Kaweah Health Tulare Clinic,[]
Tulare,Kaweah Health Mental Health Hospital,[]
Tulare,Tulare Urgent Care,[]
Tulare,Family HealthCare Network,[]
Tulare,kaweah delta district hospital,[]
Siskiyou,Fairchild Medical Center,[]
Siskiyou,Mercy Medical Center Mt. Shasta,[]
Kern,Kern Medical Hospital,[]
Kern,Dignity Health - Memorial Hospital,[]
Kern,Adventist Health Specialty Bakersfield,[]
Kern,Dignity Health - Mercy Hospital Downtown,[]
Kern,Adventist Health Bakersfield,[]
Kern,Dignity Health - Mercy Hospital Southwest,[]
Kern,Good Samaritan Hospital-Bakersfield,[]
Kern,Memorial Hospital,[]
Kern,Kern Valley Hospital,[]
Kern,Bakersfield Behavioral Healthcare Hospital,[]
Kern,Encompass Health Rehabilitation Hospital of Bakersfield,[]
Kern,Adventist Health Tehachapi Valley,[]
Kern,Kern Medical Emergency Room,[]
Kern,Adventist Health Bakersfield Emergency Room Entrance,[]
Kern,KMC,[]
Kern,Ridgecrest Regional Hospital,[]
Kern,Bakersfield Family Medical Center,[]
Kern,Kaiser Permanente: Kern County Medical Facilities,[]
Kern,Emergency Room at Dignity Health - Memorial Hospital,[]
Kern,Highgrove Medical Center,[]
San Francisco,Zuckerberg San Francisco General Hospital and Trauma Center,[]
San Francisco,UCSF Health St. Mary's Hospital,[]
San Francisco,Kentfield Hospital San Francisco,[]
San Francisco,UCSF Health Saint Francis Hospital,[]
San Francisco,UCSF Medical Center,[]
San Francisco,UCSF Benioff Children's Hospital - San Francisco,[]
San Francisco,UCSF Medical Center at Mission Bay,[]
San Francisco,University of California San Francisco Medical Center,[]
San Francisco,CPMC Davies Campus,[]
San Francisco,San Francisco VA Medical Center,[]
San Francisco,CPMC Van Ness Campus,[]
San Francisco,UCSF Medical Center at Mount Zion,[]
San Francisco,St. Luke's Hospital,[]
San Francisco,UCSF Mission Bay Hospitals,[]
San Francisco,UCSF at San Francisco General Hospital,[]
San Francisco,Hospital,[]
San Francisco,Zuckerberg San Francisco General Hospital and Trauma Center Emergency Room,[]
San Francisco,CPMC Mission Bernal Campus & Orthopedic Institute,[]
San Francisco,CPMC Pacific Heights Outpatient Center | 2333 Buchanan Street,[]
San Francisco,Kaiser Permanente San Francisco Medical Center,[]
Tuolumne,Adventist Health Sonora,[]
Tuolumne,Tuolumne General Medical Facility: Hood Ron MD,[]
Tuolumne,Tuolumne Me-Wuk Indian Health Center,[]
Tuolumne,Adventist Health Sonora: Emergency Room,[]
Tuolumne,Mammoth Hospital,[]
Tuolumne,Greenley Oaks Medical Center,[]
Tuolumne,Tuolumne County Behavioral Health,[]
Tuolumne,Tuolumne County Enrichment Center,[]
Tuolumne,Sonora VA Clinic,[]
El Dorado,Marshall Hospital,[]
El Dorado,Mercy Hospital of Folsom,[]
El Dorado,El Dorado Community Health Centers,[]
El Dorado,El Dorado Community Health Centers,[]
El Dorado,Vibra Hospital of Sacramento,[]
El Dorado,Sutter Walk-In Care - El Dorado Hills,[]
El Dorado,Barton Memorial Hospital,[]
El Dorado,Telecare El Dorado County Psychiatric Health Facility,[]
El Dorado,Marshall Family Medicine,[]
El Dorado,Golden Center Medical Plaza,[]
El Dorado,Sierra Nevada Memorial Hospital,[]
El Dorado,Sutter Auburn Faith Hospital,[]
El Dorado,Roseville Medical Center,[]
El Dorado,Tahoe Forest Hospital,[]
El Dorado,Sutter Roseville Medical Center,[]
El Dorado,Mercy Medical Group,[]
El Dorado,MDSTAT Urgent Care,[]
El Dorado,South Arkansas Regional Hospital,[]
El Dorado,Emergency Room - Mercy Hospital of Folsom,[]
El Dorado,El Dorado County Health and Human Services,[]
Santa Barbara,Santa Barbara Cottage Hospital,[]
Santa Barbara,Goleta Valley Cottage Hospital,[]
Santa Barbara,Santa Barbara Cottage Hospital Emergency,[]
Santa Barbara,Santa Ynez Valley Cottage Hospital,[]
Santa Barbara,Cottage Children's Medical Center,[]
Santa Barbara,Santa Barbara County Public Health: SB Health Care Center,[]
Santa Barbara,Goleta Valley Cottage Hospital Emergency,[]
Santa Barbara,Dignity Health - Marian Regional Medical Center,[]
Santa Barbara,Cottage Urgent Care - Santa Barbara - Upper State,[]
Santa Barbara,Cottage Rehabilitation Hospital,[]
Santa Barbara,Mission Park Healthcare Center,[]
Santa Barbara,Cottage Surgical Clinics,[]
Santa Barbara,Santa Ynez Valley Cottage Hospital Emergency,[]
Santa Barbara,Cottage Primary Care - Santa Barbara,[]
Santa Barbara,Issels Medical Center,[]
Santa Barbara,Santa Barbara Cottage Hospital Rheumatology,[]
Santa Barbara,Goleta Valley Cottage Hospital: Radiology,[]
Santa Barbara,Santa Barbara County Behavioral Wellness Psychiatric Health-Facility,[]
Santa Barbara,Sanctuary Centers,[]
Santa Barbara,Zugan Health Urgent Care,[]
Sonoma,Sonoma Valley Hospital,[]
Sonoma,Providence Santa Rosa Memorial Hospital,[]
Sonoma,Sutter Santa Rosa Regional Hospital,[]
Sonoma,Sonoma Specialty Hospital,[]
Sonoma,"Healdsburg Hospital, Providence",[]
Sonoma,Adventist Health St Helena,[]
Sonoma,Kaiser Permanente Santa Rosa Medical Center,[]
Sonoma,sonoma valley hospital,[]
Sonoma,Petaluma Valley Hospital,[]
Yolo,Woodland Memorial Hospital,[]
Yolo,UC Davis Medical Center,[]
Yolo,Sutter Davis Hospital,[]
Yolo,Mercy General Hospital,[]
Yolo,Methodist Hospital of Sacramento,[]
Yolo,UC Davis Health,[]
Yolo,Sutter Medical Center | Ose Adams Medical Pavilion,[]
Yolo,Emergency Room - Woodland Memorial Hospital,[]
Yolo,Sacramento VA Medical Center,[]
Yolo,Shriners Children's Northern California,[]
Yolo,Sutter Medical Center | Anderson Lucchetti Women's & Children's Center,[]
Yolo,UC Davis Children's Hospital,[]
Yolo,Mercy San Juan Medical Center,[]
Yolo,Hospital,[]
Yolo,Kaiser Permanente South Sacramento Medical Center,[]
Yolo,Woodland Memorail Hospital,[]
Yolo,Alderson Convalescent Hospital,[]
Yolo,"Sutter Medical Center, Sacramento",[]
Yolo,Vibra Hospital of Sacramento,[]
Yolo,UC Davis Medical Center Ticon l Building,[]
Tehama,St. Elizabeth Community Hospital,[]
Tehama,Tehama County Health Clinic,[]
Tehama,Dignity health hospital,[]
Santa Cruz,Dignity Health – Dominican Hospital,[]
Santa Cruz,Santa Clara Valley Medical Center,[]
Santa Cruz,Watsonville Community Hospital,[]
Santa Cruz,Emergency Room - Dominican Hospital,[]
Santa Cruz,Cypress Medical Center,[]
Santa Cruz,Good Samaritan Hospital,[]
Santa Cruz,St. Louise Regional Hospital,[]
Santa Cruz,Sutter Maternity & Surgery Center of Santa Cruz,[]
Marin,MarinHealth Medical Center,[]
Marin,Kentfield Hospital,[]
Marin,Medical Center of Marin,[]
Marin,Novato Community Hospital,[]
Marin,Kentfield Hospital San Francisco,[]
Marin,Kaiser Permanente San Rafael Medical Center,[]
Marin,MarinHealth Medical Center Emergency Room,[]
Marin,UCSF Health St. Mary's Hospital,[]
Marin,Marin General Hospital: Women & Children's Services,[]
Marin,Petaluma Valley Hospital,[]
Marin,Marin Community Healthcare,[]
Marin,West Marin Medical Center,[]
Marin,Sutter Solano Medical Center,[]
Marin,San Francisco VA Medical Center,[]
Marin,MarinHealth Foundation,[]
Marin,Kaiser Permanente Richmond Medical Center,[]
Marin,Sonoma Specialty Hospital,[]
Marin,AHMC Seton Medical Center,[]
Marin,Sonoma Valley Hospital,[]
Marin,UCSF Medical Center,[]
Trinity,Trinity Hospital,[]
Trinity,HCA Florida Trinity Hospital,[]
Trinity,Trinity Health Grand Haven Hospital,[]
Trinity,Trinity Health Muskegon Hospital,[]
Trinity,TMC Bonham Hospital,[]
Trinity,Carrollton Regional Medical Center,[]
Trinity,"Medical City Sachse, A Campus of Medical City Plano",[]
Trinity,Trinity Memorial Hospital District,[]
Nevada,Sierra Nevada Memorial Hospital,[]
Nevada,Emergency Room - Sierra Nevada Memorial Hospital,[]
Nevada,Tahoe Forest Hospital,[]
Nevada,Northern Nevada Medical Center,[]
Nevada,Dignity Health Medical Group - Sierra Nevada,[]
Nevada,Sierra Nv Memorial Hospital Wound Care,[]
Nevada,Carson Tahoe Regional Medical Center,[]
Nevada,Sierra Medical Center,[]
Nevada,Incline Village Community Hospital,[]
Nevada,Dignity Health,[]
Mono,Mammoth Hospital,[]
Sacramento,Mercy General Hospital,[]
Sacramento,Methodist Hospital of Sacramento,[]
Sacramento,UC Davis Medical Center,[]
Sacramento,Sutter Medical Center | Ose Adams Medical Pavilion,[]
Sacramento,Sacramento VA Medical Center,[]
Sacramento,Mercy San Juan Medical Center,[]
Sacramento,UC Davis Health,[]
Sacramento,Kaiser Permanente South Sacramento Medical Center,[]
Sacramento,Vibra Hospital of Sacramento,[]
Sacramento,Emergency Room - Methodist Hospital of Sacramento,[]
Sacramento,Sutter Medical Center | Anderson Lucchetti Women's & Children's Center,[]
Sacramento,Shriners Children's Northern California,[]
Sacramento,"Sutter Medical Center, Sacramento",[]
Sacramento,Hospital,[]
Sacramento,Mercy Hospital of Folsom,[]
Sacramento,Sacramento Medical Center,[]
Sacramento,Kaiser Permanente Sacramento Medical Center,[]
Sacramento,Sierra Vista Hospital,[]
Sacramento,Sacramento County Health Center,[]
Sacramento,Sutter Medical Center,[]
Calaveras,Mark Twain St. Joseph's Hospital,[]
Calaveras,Dignity Health - Mark Twain Medical Center,[]
Calaveras,Adventist Health Sonora,[]
Calaveras,Sutter Amador Hospital,[]
Calaveras,Emergency Room at Dignity Health - Mark Twain Medical Center,[]
Calaveras,"Dignity Health Family Medical Center - San Andreas, CA",[]
Calaveras,Calaveras County Public Health,[]
Calaveras,Mark Twain St. Joseph's Hospital Emergency Care,[]
Calaveras,Emanuel Medical Center,[]
Calaveras,San Joaquin General Hospital,[]
Calaveras,"Dignity Health Family Medical Center - Copperopolis, CA",[]
Calaveras,Sacramento VA Medical Center,[]
Calaveras,Marshall Hospital,[]
Calaveras,Oak Valley Hospital,[]
Calaveras,Memorial Medical Center,[]
Calaveras,Dignity Health Hospital - Mercy Medical Center,[]
Calaveras,Calaveras County Behavioral Health,[]
Calaveras,Outpatient Specialty Center,[]
Calaveras,Memorial Hospital Los Banos,[]
Calaveras,Dignity Health - St. Joseph's Medical Center,[]
Colusa,Colusa Medical Center,[]
Amador,Sutter Amador Hospital,[]
Amador,Sutter Amador Hospital Emergency Department,[]
Amador,Sutter Amador Hospital Surgery Department,[]
Amador,Sutter Amador Hospital Birth Center,[]
Amador,Amador County Health Department,[]
Amador,Sutter Medical Foundation,[]
San Luis Obispo,Dignity Health - French Hospital Medical Center,[]
San Luis Obispo,Adventist Health Sierra Vista,[]
San Luis Obispo,Dignity Health - Arroyo Grande Community Hospital,[]
San Luis Obispo,Adventist Health Twin Cities,[]
San Luis Obispo,Family & Industrial Medical Center,[]
San Luis Obispo,Dignity Health - Marian Regional Medical Center,[]
San Luis Obispo,Community Health Centers - Casa,[]
San Luis Obispo,Adventist Health Sierra Vista: Emergency Room,[]
San Luis Obispo,Community Health Centers - SLO Bishop Primary Care,[]
San Luis Obispo,Twin cities hospital,[]
San Luis Obispo,Oppenheimer Family Center for Emergency Medicine at French Hospital Medical Center,[]
San Luis Obispo,Pacific Central Coast Health Center,[]
San Luis Obispo,Department of State Hospitals-Atascadero,[]
San Luis Obispo,French Hospital Emergency,[]
San Luis Obispo,Cottage Urgent Care - San Luis Obispo - Foothill Plaza,[]
San Luis Obispo,Psychiatric Health Facility - Crestwood (PHF Inpatient) - San Luis Obispo County,[]
San Luis Obispo,Twin Cities Community Hospital Heliport,[]
San Luis Obispo,Emergency Room at Dignity Health - Arroyo Grande Community Hospital,[]
San Luis Obispo,Los Robles Regional Medical Center,[]
San Luis Obispo,The Center for Health and Prevention,[]
Placer,Sutter Auburn Faith Hospital,[]
Placer,Roseville Medical Center,[]
Placer,Sutter Roseville Medical Center,[]
Placer,Sierra Nevada Memorial Hospital,[]
Placer,Tahoe Forest Hospital,[]
Placer,Mercy Hospital of Folsom,[]
Placer,Vibra Hospital of Sacramento,[]
Placer,Sutter Health,[]
Placer,Sutter Medical Center | Ose Adams Medical Pavilion,[]
Placer,Sutter Urgent Care - Auburn,[]
Placer,Mercy General Hospital,[]
Placer,Sacramento VA Medical Center,[]
Placer,Mercy San Juan Medical Center,[]
Placer,Sutter Medical Plaza North Sunrise,[]
Placer,5 Medical Plaza Care Center,[]
Placer,Sutter Health-Sutter Medical Foundation,[]
Placer,UC Davis Medical Group Rocklin,[]
Placer,Marshall Hospital,[]
Placer,Critical Care Sutter Roseville Medical Center,[]
Placer,Research: Sutter Roseville Medical Center,[]
Monterey,Community Hospital of the Monterey Peninsula,[]
Santa Clara,Santa Clara Valley Medical Center,[]
Santa Clara,Good Samaritan Hospital,[]
Santa Clara,Kaiser Permanente Santa Clara Medical Center,[]
Santa Clara,Regional Medical Center,[]
Santa Clara,Santa Clara Valley Medical Center,[]
Santa Clara,Valley Health Center Sunnyvale,[]
Santa Clara,O'Connor Hospital,[]
Santa Clara,St. Louise Regional Hospital,[]
Santa Clara,O'Connor Hospital Emergency Room,[]
Santa Clara,El Camino Health - Los Gatos Hospital,[]
Santa Clara,Santa Clara Valley Medical Center,[]
Santa Clara,Valley Specialty Center,[]
Santa Clara,Valley Health Center Downtown,[]
Santa Clara,Kaiser Permanente San Jose Medical Center,[]
Santa Clara,Santa Clara Center,[]
Santa Clara,Valley Health Center East Valley,[]
Santa Clara,West Valley Center,[]
Santa Clara,Washington Hospital Healthcare System,[]
Santa Clara,El Camino Health - Mountain View Hospital,[]
Santa Clara,Valley Health Center Milpitas,[]
Ventura,Ventura County Medical Center,[]
Ventura,Community Memorial Hospital,[]
Ventura,Los Robles Regional Medical Center,[]
Ventura,Santa Paula Hospital,[]
Ventura,Dignity Health - St. John's Hospital Camarillo,[]
Ventura,Encino Hospital Medical Center,[]
Ventura,Adventist Health Simi Valley,[]
Ventura,Dignity Health - St. John's Regional Medical Center,[]
Ventura,Ventura county medical center inpatient psychiatric unit,[]
Ventura,Ventura County Medical Center: Emergency Room,[]
Ventura,Aurora Vista del Mar,[]
Ventura,Santa Paula Hospital: Emergency Room,[]
Ventura,Santa Paula Hospital Clinic,[]
Ventura,Community Memorial Hospital -Ocean Tower,[]
Ventura,UCLA West Valley Medical Center,[]
Ventura,Hospital Procedures Consultants,[]
Ventura,Kaiser Permanente Market Street Medical Offices,[]
Ventura,Cottage Urgent Care - Ventura - Montalvo Square,[]
Ventura,Mission Community Hospital,[]
Ventura,Thousand Oaks Surgical Hospital,[]
Mariposa,John C. Fremont Healthcare District,[]
Mariposa,Mammoth Hospital,[]
Mariposa,Mariposa County Health & Human Services Agency,[]
Mariposa,John C Fremont Healthcare District: Emergency Room,[]
Mariposa,Dignity Health Hospital - Mercy Medical Center,[]
Mariposa,Adventist Health Sonora,[]
Mariposa,John C. Fremont Specialty Clinic,[]
Mariposa,Mariposa County Health Department,[]
Mariposa,Community Health Centers Of America,[]
Mariposa,John Heltebrake,[]
San Bernardino,Dignity Health - Community Hospital of San Bernardino,[]
San Bernardino,Dignity Health - St. Bernardine Medical Center,[]
San Bernardino,Arrowhead Regional Medical Center,[]
San Bernardino,Redlands Community Hospital,[]
San Bernardino,Loma Linda University Medical Center,[]
San Bernardino,Riverside Community Hospital,[]
San Bernardino,San Antonio Regional Hospital,[]
San Bernardino,Kindred Hospital Ontario,[]
San Bernardino,Emergency Room at Dignity Health - Community Hospital of San Bernardino,[]
San Bernardino,Desert Valley Hospital,[]
San Bernardino,San Antonio Regional Hospital Emergency Room,[]
San Bernardino,Mountains Community Hospital,[]
San Bernardino,Emergency Services - Community Hospital of San Bernardino - San Bernardino,[]
San Bernardino,Loma Linda University Children's Hospital,[]
San Bernardino,San Gorgonio Memorial Hospital,[]
San Bernardino,Hospital,[]
San Bernardino,Parkview Community Hospital Medical Center,[]
San Bernardino,Kindred Hospital Rancho,[]
San Bernardino,Pomona Valley Hospital Medical Center,[]
San Bernardino,Riverside University Health System Medical Center,[]
Yuba,Sutter Surgical Hospital North Valley,[]
Yuba,Adventist Health and Rideout,[]
Yuba,Adventist Health and Rideout: Emergency Room,[]
Yuba,Sierra Nevada Memorial Hospital,[]
Yuba,Sutter Feather Down Family Practice (Yuba City): Sutter Medical Foundation,[]
Yuba,Yuba County Health & Human Services,[]
Yuba,Urgent Care: Adventist Health Physicians Network,[]
Yuba,Orchard Hospital,[]
Yuba,Sutter North Medical Group,[]
Yuba,North Valley Behavioral Health,[]
Yuba,Sutter Urgent Care - Yuba City,[]
Yuba,Sutter Yuba Mental Health,[]
Yuba,Sutter Roseville Medical Center,[]
Yuba,470 Plumas Care Center,[]
Yuba,440 Plumas Care Center,[]
Yuba,Gastroenterology: Sutter Procedure Center (Yuba City): Sutter Medical Foundation,[]
Yuba,Sutter North Medical Group,[]
Yuba,Oroville Hospital,[]
Yuba,Sutter Auburn Faith Hospital,[]
Yuba,Sutter Medical Foundation,[]
Merced,Dignity Health Hospital - Mercy Medical Center,[]
Merced,Mercy Medical Pavilion,[]
Merced,Emergency Room at Dignity Health - Mercy Medical Center,[]
Merced,Golden Velly Health Center,[]
Merced,Mercy Outpatient Center - Dignity Health Mercy Medical Center,[]
Merced,NICU Childrens Hospital,[]
Merced,Memorial Hospital Los Banos,[]
Merced,Castle Family Health Centers,[]
Merced,Franciscan Post-Acute Care Center,[]
Merced,Golden Valley Health Centers - Women's Health,[]
Merced,"Primary Care & Specialty Care - Dignity Health Medical Group – Merced, CA",[]
Merced,Emanuel Medical Center,[]
Merced,Patients First Medical Center,[]
Merced,GOLDEN STATE CARE,[]
Merced,GETWELL URGENT CARE,[]
Merced,Family Birth Center at Dignity Health - Mercy Medical Center,[]
Merced,Mercy Medical Center Merced Foundation,[]
Merced,Rascal Creek Medical Center,[]
Sierra,Sierra Nevada Memorial Hospital,[]
Sierra,Sierra Medical Center,[]
Sierra,Sierra View Medical Center,[]
Sierra,Mammoth Hospital,[]
Sierra,Tahoe Forest Hospital,[]
Sierra,Plumas District Hospital,[]
Sierra,VA Sierra Nevada Health Care System,[]
Sierra,Sierra Nv Memorial Hospital Wound Care,[]
Sierra,Northern Nevada Medical Center,[]
Sierra,Renown Regional Medical Center,[]
Sierra,Seneca Healthcare District,[]
Sierra,Northern Nevada Sierra Medical Center ER,[]
Sierra,Eastern Plumas Health Care,[]
Sierra,Saint Mary's Regional Medical Center,[]
Sierra,Eastern Plumas Health Care,[]
Sierra,Sierra Nevada Memorial Hospital Diagnostic Imaging Center,[]
Sierra,Banner Lassen Medical Center,[]
Sierra,Oroville Hospital,[]
Sierra,Northern Inyo Hospital,[]
Sierra,Ridgecrest Regional Hospital,[]
Madera,Saint Agnes Medical Center,[]
Madera,Valley Children's Hospital,[]
Madera,Valley Children's Healthcare,[]
Madera,Madera Community Hospital Outpatient Services,[]
Madera,Mammoth Hospital,[]
Madera,Community Regional Medical Center,[]
Madera,Camarena Health - Almond Health Center,[]
Madera,Adventist Health Medical Office,[]
Madera,Kaiser Permanente Fresno Medical Center,[]
Madera,Childrens Hospital Central California,[]
Madera,Camarena Health - Almond Urgent Care,[]
Madera,Fresno Community Hospital,[]
Madera,Camarena Health - Cleveland Health Center,[]
Madera,Clovis Community Medical Center,[]
Madera,Camarena Health- 6th Street Health Center,[]
Madera,Madera Hospital,[]
Madera,Camarena Health County Club Health Center,[]
Madera,Fresno Heart & Surgical Hospital,[]
Madera,Madera Community Health Center,[]
Madera,Madera Community Hospital,[]
Napa,Providence Queen of the Valley Medical Center,[]
Napa,Adventist Health St Helena,[]
Napa,Department of State Hospitals-Napa,[]
Napa,Napa State Hospital Medical Units,[]
Napa,Napa Valley Vintners Community Health Center,[]
Napa,Sonoma Valley Hospital,[]
Napa,Queen of the valley hospital,[]
Napa,Napa State Hospital Units T10-14,[]
Napa,Emergency Room at Providence Queen of the Valley Medical Center,[]
Napa,Napa State Hospital Units Q1-11,[]
Napa,Sutter Solano Medical Center,[]
Napa,Kaiser Permanente Napa Medical Offices,[]
Napa,Care Network at Queen of the Valley,[]
Napa,Napa State Hospital Units S1-9,[]
Napa,NorthBay Health VacaValley Hospital,[]
Napa,NorthBay Health Medical Center,[]
Napa,Kaiser Permanente Vallejo Medical Center,[]
Napa,sonoma valley hospital,[]
Napa,Napa State Hospital Units T1-4,[]
Napa,Providence Queen of the Valley Medical Center Women's Health,[]
Solano,Sutter Solano Medical Center,[]
Solano,NorthBay Health Medical Center,[]
Solano,NorthBay Health VacaValley Hospital,[]
Solano,David Grant Medical Center,[]
Solano,Kaiser Permanente Vacaville Medical Center,[]
Solano,Kaiser,[]
Solano,NorthBay Health VacaValley Hospital - Emergency Room,[]
Solano,Adventist Health Vallejo,[]
Solano,Kaiser Permanente Vallejo Medical Center,[]
Solano,NorthBay Health Medical Center Emergency Room,[]
Solano,Sutter Medical Plaza Vacaville,[]
Solano,Sutter Fairfield Medical Campus,[]
Solano,Contra Costa Regional Medical Center,[]
Solano,NorthBay Health Green Valley Administration Center,[]
Solano,"John Muir Health, Concord Medical Center",[]
Solano,Sutter Medical Plaza Vallejo,[]
Solano,Emergency Center,[]
Solano,Webster medical Plaza,[]
Solano,Fairfield Outpatient Clinic - VA Northern California Health Care System,[]
Solano,Martinez Health Center,[]
Butte,Box Butte General Hospital,[]
Butte,USPHS Indian Health Service Hospital at Eagle Butte,[]
Butte,Gunnison Valley Health Hospital,[]
Butte,Box Butte General Hospital : Emergency Room,[]
Butte,Oroville Hospital,[]
Butte,Orchard Hospital,[]
Butte,St. James Hospital,[]
Butte,Regional West Medical Center,[]
Butte,Shasta Regional Medical Center,[]
Butte,Enloe Medical Center,[]
Butte,Rosebud Health Care Center,[]
Butte,Old Butte County Hospital,[]
Butte,Department of Behavioral Health: Psychiatric Health Facility,[]
Los Angeles,Los Angeles General Medical Center,[]
Los Angeles,Dignity Health - California Hospital Medical Center,[]
Los Angeles,PIH Health Good Samaritan Hospital,[]
Los Angeles,Kindred Hospital Los Angeles,[]
Los Angeles,Los Angeles Community Hospital,[]
Los Angeles,Harbor-UCLA Medical Center,[]
Los Angeles,UCLA West Valley Medical Center,[]
Los Angeles,Martin Luther King Jr. Community Hospital,[]
Los Angeles,Cedars-Sinai Medical Center,[]
Los Angeles,Los Angeles General Medical Center,[]
Los Angeles,Southern California Hospital at Culver City,[]
Los Angeles,Ronald Reagan UCLA Medical Center,[]
Los Angeles,Centinela Hospital Medical Center,[]
Los Angeles,Southern California Hospital at Hollywood,[]
Los Angeles,Dignity Health - Northridge Hospital Medical Center,[]
Los Angeles,Adventist Health White Memorial,[]
Los Angeles,Palmdale Regional Medical Center,[]
Los Angeles,Huntington Hospital,[]
Los Angeles,East Los Angeles Doctors Hospital,[]
Los Angeles,Children's Hospital Los Angeles,[]
Del Norte,Sutter Coast Hospital |Sutter Coast Hospital Birth Center,[]
Del Norte,Del Norte Community Health Center,[]
Del Norte,Rio Grande Hospital,[]
Del Norte,Sutter Coast Hospital,[]
Del Norte,Sutter Coast Community Clinic,[]
Del Norte,Del Norte Healthcare District,[]
Del Norte,Sutter Coast Hospital Emergency Department,[]
Del Norte,Del Norte County Behavioral Health,[]
Del Norte,Stallant Health & Wellness,[]
Del Norte,Sutter Coast Walk-In Clinic,[]
